place_name,district,category,latitude,longitude,tags,activities,best_season,vibe,image_url,tripadvisor_place_id,tripadvisor_rating,tripadvisor_review_count,tripadvisor_description,review_1,review_2,review_3,review_4,tripadvisor_location,tripadvisor_thumbnail
Dal Lake,Srinagar,Lake,34.1137233,74.8700063,"lake,water,nature,scenic","boating,sightseeing,photography,relaxation","Summer,Autumn",peaceful,https://upload.wikimedia.org/wikipedia/commons/e/e1/Dal_Lake_Hazratbal_Srinagar.jpg,2437492,4.3,4337,,"1) Must visit Dal Lake, Permissible Ghats 5 to 9 are good one, but I wuld like to suggets Ghat No 5
2) Do negotiations always as initially they told you like 3K per person but will settle down at 700 INR per person (almost 100%) for almost 7 points (sight seeing points)
3) Enjoy Khawa tea, Maggi, Breakfast, shopping , photoshoot but always make clear settlement first before doing any of these activites
4) 1 hour trip is almost enjoyable
5)The calm waters, scenic beauty, and shikara ride experience make it one of the most memorable attractions in Kashmir.
6) Nothing bad, all good",An iconic place for Srinagar. One can enjoy in Shikra ride . But because of polluted water and rush of hawkers in the lake has made it miserable,"Dal lake is dirty, there are signs of decline like sunk/abandoned houseboats, but surrounding view of nature makes it worth visiting. What spoils the experience further is the harrowing experience with hawkers. The moment your shikara leave the shore hawkers in boats will come close (duly facilitated by your shikara guy) and force you to buy their overpriced & substandard goods. This continues till you complete your ride. Your taxi driver, shikara guy, hawkers & shop owners in the floating market are all hand-in-glove.","Dal Lake in Srinagar, Kashmir, is an iconic urban lake renowned for its serene beauty and vibrant houseboat culture.","Srinagar, Kashmir, India",https://dynamic-media-cdn.tripadvisor.com/media/photo-o/02/64/3b/47/dal-lake.jpg
Nagin Lake,Srinagar,Lake,34.1156932,74.8294934,"lake,water,nature,scenic","boating,sightseeing,photography,relaxation","Summer,Autumn",peaceful,https://www.kashmir-tourism.com/img2/3.jpg,338344,4.4,1121,,We had a very wonderful experience  of boat shikar in the Nigeen lake . Faizal bhai had rowed our boat and he was literally very kind. Even the prices of boating was very reasonable. We were in the lake for atleast 1 hour without any crowd. The place is very peaceful without any sort of disturbances and just us in between the water. It can be said that this lake is best for seeking peace and a silent scenic view of lake and mountains.,"There view is very good , Excellent garden near by place ,Here local food is outstanding . Ambience really speechless ..",It is very amazing lake to visit. Water in this lake is clean as  compare to Dal lake One can enjoy stay in house boat  in this lake which are quite good. In this one can enjoy Shikara ride,"My houseboat Mascot houseboatd was on this lake, so I had shikara rides on this lake instead if dal lake. According to other reviews, nigeen lake is much cleaner than dal, it is very clean and the surrounding scenery is just beautiful,  especially when the sun is out. I believe the houseboats on nigeen cost more as well. But worth it. ","Srinagar, Kashmir, India",https://dynamic-media-cdn.tripadvisor.com/media/photo-o/05/b9/99/4d/nagin-lake.jpg
Wullar Lake,Bandipora,Lake,34.3502521,74.5419994,"lake,water,nature,scenic","boating,sightseeing,photography,relaxation","Summer,Autumn",peaceful,https://dynamic-media-cdn.tripadvisor.com/media/photo-o/18/13/61/e0/wular-lake.jpg?w=1200&h=-1&s=1,,,,,,,,,,
Surinsar Lake,Jammu,Lake,32.7702338,75.0411006,"lake,water,nature,scenic","boating,sightseeing,photography,relaxation","Summer,Autumn",peaceful,https://dynamic-media-cdn.tripadvisor.com/media/photo-o/16/a1/af/36/picnic-20190225-141339438.jpg?w=1200&h=1200&s=1,3732952,4,53,,Boating is not seen. But it's a big lake with fish feeding facility  You can go near the fishing spot and feed them. Food is available.,"The road to Surinsar is extremely dizzying. But totally worth it when you reach the lake. The locals were pleasant and helpful. The lake is quiet and beautiful. There are hardly any visitors. We saw ducks, heron, and turtles. There are schools of fish waiting to be fed. The locals sell fish food and feeding the fish was the most enjoyable activity for my kids.  There are small shops around that sell locally made food, Tea and of course all packed foods. Good place to picnic for a few hours. The locals also offer to take you boating in the lake where you can see more birds and turtles at close quarters.  ",View is amazing but no proper place to eat.ut must be maintained properly by the local authorities..washrooms are hell,"Yesterday I visited Surinsar with my wife, it is necessary to have more protection walls around the visual field so that the lake remains Neat and clean. Tourism at surinsar will be boosted due to cleanliness.
One more thing The language of the sailors here is not good, we are feeding flour to the fish of the shore, there were two bad khadi boats that were tied with rope, got on the boat for the main photography, he came near, probably the sailor, was carrying a Big sticks came and started giving street without thinking, if this continues, then in future also there will be a big loss in the tourism sector.
#J&kTourism #j&kgovernment #Surinsarlake","Jammu City, Jammu, India",https://dynamic-media-cdn.tripadvisor.com/media/photo-o/16/a1/af/36/picnic-20190225-141339438.jpg
Mansar Lake,Samba,Lake,32.6972343,75.1449155,"lake,water,nature,scenic","boating,sightseeing,photography,relaxation","Summer,Autumn",peaceful,https://www.tourmyindia.com/socialimg/mansar-lake.jpg,1946204,4.3,61,,"Worth visiting. The wild life habitat is seen having only few animals. Fish feeding, camel rides, games for children are there. No entry fee. Car parking is chargeable. Food is available in plenty. One can take long walks around the lake ","Amazing panoramic views 
Pristine holy lake 
Ancient history connection 
Plenty of sea life and wildlife around 
Nice treks around",Mostly cloudy days. So beautiful  site here. In the bank of lake there are so many temple situated and mostly famous temple is SHES NAG MANSA.,"I went here yesterday with my family, but I didn't like seeing the mess all around. If the government sanctions money for renovation here, where does that money go?
A request for all visitors, please don't put your wastages in anywhere, always use dustwins there, its our lake, our responsibility to keep it neat and clean.
#J&k Government #Mansarlake #j&kTourism","Mansar, Jammu, India",https://dynamic-media-cdn.tripadvisor.com/media/photo-o/16/a1/aa/ba/picnic-20190225-141121996.jpg
Pangong Lake,Leh,Lake,33.752491,78.668243,"lake,water,nature,scenic","boating,sightseeing,photography,relaxation","Summer,Autumn",peaceful,https://www.tourmyindia.com/socialimg/pangong-lake-ladakh.jpg,,,,,,,,,,
Tso Moriri Lake,Changthang,Lake,32.9128,78.31467,"lake,water,nature,scenic","boating,sightseeing,photography,relaxation","Summer,Autumn",peaceful,https://brownchinarkashmir.com/wp-content/uploads/2025/03/Tso-Moriri-Lake_brown_chinar_kashmir.jpg.webp,,,,,,,,,,
Tsokar Lake,Changthang,Lake,33.3333,78.006,"lake,water,nature,scenic","boating,sightseeing,photography,relaxation","Summer,Autumn",peaceful,https://upload.wikimedia.org/wikipedia/commons/5/5d/Tsokar.jpg,,,,,,,,,,
Amarnath Temple,Pahalgam,Temple,34.215692,75.50412,"hindu,pilgrimage,spiritual,temple,heritage","worship,sightseeing,prayer",All Season,spiritual,https://upload.wikimedia.org/wikipedia/commons/6/66/Cave_Temple_of_Lord_Amarnath.jpg,,,,,,,,,,
Raghunath Temple,Jammu,Temple,32.7317607,74.8584316,"hindu,pilgrimage,spiritual,temple,heritage","worship,sightseeing,prayer",All Season,spiritual,https://www.tourmyindia.com/states/jammu-kashmir/image/raghunath-temple.jpg,10584002,4.3,92,,"Last I went to Raghunath temple was more than 15 years ago and since than, it has changed a lot. Now there is no such army or police is stationed as earlier it was. I could not see pandits who were as good as goons this time. What I found, were genuine pandits for whom one really has respect. They performed Pooja really well, told history in detail. This time it was really a very good experience and will go again in future.
Jai Shri Ram",One of the very few temples of Lord Ram with more than 33000 idols. All dasavatharams depicted in full statues. No priest was demanding any money.,"A very divine temple and a must for those seeking spiritualism.
1, Main deity Shri Ram in the centre of the campus
2. Three sides have idols of over 100 deities and one should spend time to see all of them. Very well arranged. 
3. A very important Shiv Temple.
4. Fourth side has important temples with large and beautifully sculptured deities .  
5. Fourth side also has a Shiv Temple with a very large Shivling, got from the Narmada river. 

One should spend two to three hours at the temple for a total experience of divinity.  Have not found such well organised  and covering such a large number of deties temples elsewhere. 

We went in off season, so there was no rush at all. Temple is very spacious and very clean and very well maintained. However being in a market area there is no parking.  

Temple is at market level and there are no staircases. ","Raghunath mandir is a beautiful set of mandir with the main mandir of Prabhu Ram Mata Sita and Laxman ji. Mesmerized with the beautiful idols

Must visit place in Janmu snaking along raghunath bazaar. Pl maintain dress regulations of a sacred place..no shorts or fashion parade please. ","Jammu City, Jammu, India",https://dynamic-media-cdn.tripadvisor.com/media/photo-o/11/58/35/de/nice-temple.jpg
Vaishno Devi Temple,Reasi,Temple,33.0301412,74.9479292,"hindu,pilgrimage,spiritual,temple,heritage","worship,sightseeing,prayer",All Season,spiritual,https://dynamic-media-cdn.tripadvisor.com/media/photo-o/16/f3/ca/ba/img-20190322-160253-425.jpg?w=1200&h=-1&s=1,1220004,4.7,2294,"Vaishno Devi, also known as Mata Rani, Trikuta and Vaishnavi, is a manifestation of the Hindu Mother Goddess of MahaKali, MahaSaraswati and MahaLakshmi.","It was probably my 10th visit to the holy shrine, the last one being over 8 years ago. I began the climb at 1610 hrs and the weather was very good. As I am a veteran, I had access to the Armed Forces facilities and my entry slip #0033 was made in advance. A  young colleague accompanied me to the starting point and I could save some time here. A photograph was taken prior to commencement of the climb in the army camp. Being in a hurry, I took only two five minutes breaks and used a climb of 360 stairs once. I had taken the conventional route on which ponies /horses, palanquins and carts are permitted. The entire route is full of eateries, some restaurants, cafes. Simian species are  plentiful, but were not seen to attack pilgrims. Post -Ardhkumari one can't use equine species. The view and the lights were awesome. There is a metallic grill on valley side of the route. Toilet facilities are adequate. One needs to be careful. Battery operated cars are available  if online booking is done. I was lucky to get a VIP darshan and quickly made my way back.  The environment is amazing . As  I began the downhill journey after the best darshan ever, I was mor observant and saw devotees young ,old, children, men and women moving towards the shrine as if pulled by a magnetic force. Post -Ardhkumari I took the Trikutta route down which was only for people wanting to walk up/down and was much quieter and with less gradient albeit a little longer.  I had some food in one 'langar' around 3 kms from the end of the descent. It is at a totally different point.  With some difficulty, I could get a cab to my hotel. All  pilgrims must factor the fact that prepaid sims from other parts of India can't be used in J &K.  I would strongly recommend a visit to the shrine for both religious and fitness aspects.","My Vaishno Devi helicopter yatra in 2026 was smooth, well organized, and truly peaceful. HelicopterBooking.org booking process was transparent, the journey time was short, and the overall atmosphere felt calm despite the crowd. Staff coordination at Katra and Sanjichhat was disciplined and helpful. This experience is especially ideal for families, senior citizens, and anyone seeking a comfortable and time saving yatra.",All facilities beautifully managed ... Thanks to Temple management... Visited December 18th 2025 ... No rush ... Jai Mata Di,"The journey to Vaishno Devi Mandir is not merely a visit; it is a profound pilgrimage (yatra). Located high in the Trikuta Mountains near Katra, the temple exudes an overwhelming spiritual energy that draws millions annually. The 13-kilometer ascent, whether undertaken by foot, pony, or helicopter, is challenging but deeply rewarding.","Jammu City, Jammu, India",https://dynamic-media-cdn.tripadvisor.com/media/photo-o/05/8e/f7/37/vaishno-devi-mandir.jpg
Shankracharya Temple,Srinagar,Temple,34.078922,74.841535,"hindu,pilgrimage,spiritual,temple,heritage","worship,sightseeing,prayer",All Season,spiritual,https://upload.wikimedia.org/wikipedia/commons/9/9b/The_Ancient_Shankaracharya_Temple_%28Srinagar%2C_Jammu_and_Kashmir%29_%28cropped%29.jpg,338348,4.5,2154,,"Pros:-
1) Reaching the temple requires climbing around 240+ steep steps
2) 360° views of Dal Lake, the Jhelum River, the surrounding snow-capped mountains, and the entire city below.
3) The peaceful atmosphere and stunning scenery make the effort completely worthwhile.

Cons:
The public toilets at this place appear to be free, but the person managing or cleaning them seems to charge ₹10 per person for usage and event the toilets are dirtyt one  This issue should be reported to the concerned government authorities for immediate action.","It is a sacred Shiva Ji temple worth seeing . one can see panorama view of Srinagar it is situated on hill top where one can reach by climbing 240 stairs
Beautiful place to visit",One of the best temple where you can have 360 degree of city. You can pray and take their blessings. Washroom is available and clean . You hand to pay 10 rupee ton use then.,"Visiting Shankaracharya Temple was a truly peaceful and spiritually uplifting experience. Located at a height overlooking Srinagar, the temple offers breathtaking panoramic views of the city and Dal Lake, making the journey as memorable as the destination itself.","Srinagar, Kashmir, India",https://dynamic-media-cdn.tripadvisor.com/media/photo-o/0a/fb/3a/19/shankaracharya-temple.jpg
Avantipur Temple,Pulwama,Temple,33.921389,75.013611,"hindu,pilgrimage,spiritual,temple,heritage","worship,sightseeing,prayer",All Season,spiritual,https://dynamic-media-cdn.tripadvisor.com/media/photo-o/23/49/7d/df/the-ruined-temple.jpg?w=1200&h=1200&s=1,3172750,4.3,50,,"Fantastic, made by Avantivarman in 9th century dedicated to Vishnu, destroyed in 14th century by Sikandar butshikan.","The Avantiswami Temple, located in Avantipora is a historic Hindu temple dedicated to Lord Vishnu. It was built by King Avantivarman in the 9th century during the rule of the Utpala dynasty. The temple is renowned for its impressive architecture, featuring intricate carvings and sculptures, typical of the Kashmiri style. Despite being partially damaged over the centuries, it still retains its grandeur and is considered a significant archaeological and cultural site.

On the way to Pahalgam, this is a must visit if you want to explore Kashmir beyond the touristy traps. ","Must visit.The Place is being restored by Archaeological Survey of India. One the way to srinagar from Pahalgam. Close to srinagar.Interesting place... These are ruins, but kept well now. To enjoy, do take guide , he is there itself. Will charge very nominal arnd Rs100 and he will epxlain it very nicely.They charge an entry fee to this place","Are they allowing people from jammu? Because we took a cab from jammu, we wanted to go there, but our driver said, they'll allow only the vehicles from srinagar/kashmir. Some mishap happened,some CRPF ppl is not letting outsiders. Is this true? 
So we are unable to go. 
","Awantipora, Kashmir, India",https://dynamic-media-cdn.tripadvisor.com/media/photo-o/23/49/7d/df/the-ruined-temple.jpg
Bahu Fort & Temple,Jammu,Temple,32.7313513,74.8832877,"hindu,pilgrimage,spiritual,temple,heritage","worship,sightseeing,prayer",All Season,spiritual,https://dynamic-media-cdn.tripadvisor.com/media/photo-o/11/88/31/df/loved-it.jpg?w=1200&h=-1&s=1,2708842,4.1,62,,"I visited the location and the view from the heights was   excellent, the grounds were well kept.  It was good seeing real citizens of Jammu enjoying the space , rather than only tourists. The local people were very hospitable and were eager to speak with a foreigner. The place is a good respite from the crowded temple areas in Jammu.","Had been to this fort a long back ago. This fort has huge walls and a garden located close to it.

This fort houses a temple dedicated to Goddess Kali and is visited by devotees. Entry to the fort is prohibited. Photography is allowed outside the fort. Near the fort, views of the Tawi river as well as the garden can be seen. Beware of monkeys roaming around in the vicinity. 

This place is good for families and friends. It is a must visit place while in Jammu.","The Bahu Fort is located in Jammu city in state of Jammu and Kashmir. The fort, said to be built by an earlier ruler, was refurbished during the Dogra Empire by Raja Gulab Singh in the 19th century.[1] The fort is a religious place, and within its precincts has a temple dedicated to the Hindu goddess Kali, the presiding deity of Jammu. The temple is known locally as the ""Bawe Wali Mata temple""","One of the best place to go with family. It is situated in Jammu city near to railway station. 
Places to see 
Temple in the fort
Fish aquarium
Beautiful garden 
And great view of tawi river.
","Jammu, Jammu, India",https://dynamic-media-cdn.tripadvisor.com/media/photo-o/11/88/31/df/loved-it.jpg
Buddha Amarnath Temple,Poonch,Temple,33.8023838,74.2617643,"hindu,pilgrimage,spiritual,temple,heritage","worship,sightseeing,prayer",All Season,spiritual,http://www.kashmirhills.com/wp-content/uploads/2015/02/Budha_amarnath.jpg,,,,,,,,,,
Ranbireshwar Temple,Jammu,Temple,32.7346866,74.8640795,"hindu,pilgrimage,spiritual,temple,heritage","worship,sightseeing,prayer",All Season,spiritual,https://dynamic-media-cdn.tripadvisor.com/media/photo-o/11/59/da/58/beautiful.jpg?w=1200&h=-1&s=1,3731129,4.5,90,,There is so much calmness and feeling of divinity in this temple. Blessed to visit this place. There is one crystal shivling which is very powerful spiritually,We visited this temple on 15-Apr-2022 evening. There was no rush and hence darshans were very peaceful. We saw 1.25 lac Shivlings and also a magnificent murti of bholenath's wedding ceremony. We had not seen it before anywhere. Thank you Mahadev ji for your blessings.,"Its an old heritage place in Jammu. Dedicated to Lord Shiva. Amazing place and peaceful atmosphere. Must visit here, when you visit in Jammu.",It is a very important Shiva Temple which has historical effects.The temple is very nice and very important for the Citizen of jammu.it is one of must visit place .,"Jammu City, Jammu, India",https://dynamic-media-cdn.tripadvisor.com/media/photo-o/11/59/da/58/beautiful.jpg
Aru valley,Pahalgham,Hill Station,34.090833,75.263333,"river,water,nature,scenic","rafting,valley sightseeing, and pony rides",All Season,peaceful,https://dynamic-media-cdn.tripadvisor.com/media/photo-o/0b/ec/dc/15/aru-city.jpg?w=1200&h=-1&s=1,6612088,4.2,964,,"My second trip to the Pahalgam circuit in two months as earlier  we couldn't' explore much beyond Pahalgam. We started in the morning around 8  passing through Pampore famous for Saffron, Cricket Bats and Dryfruits. After leaving Highway at Bijbehara  Apple 🍎 Orchards on both sides of road which is must visit from July to October to see feel, eat and photograph also fresh juice and other apple products. Traffic thinned,  river running along  scenic beauty of meadows, mountains with snow capped peaks making journeys memorable having breaks for refreshment and photos. 
Upon reaching Pahalgam enjoyed two rivers side by side with well maintained parks having ample flowers and fauna. Photography in local traditional dress is worth the time and money to cherish in memories.
Left Pahalgam for Aru Valley 7 kms away winding up and down mountains along with the river. The journey itself becomes more enjoyable than the destination.  Aru a smaller town with a meadow river and mountains around makes a good spot to stroll trek and relax.  While returning I found a lovely small Park on the river bank that had Lunch break.
Enjoyed going into the middle of the river and photography and feel of crystal clear chilly water.","Disgusting, because government does not educate people to avoid garbage.  Even in the river!!! !!! Trash everywhere and no trashbins around .","Not worth the time , extremely crowded and lot of vehicle restrictions , u have to walk a lot and the valley scene as as good as the route scenery, did not find it worth the effort if you are going for a day tour","Worth  seeing place , mind blowing scenery. One can do horse riding to explore more area. This place is not much developed.","Pahalgam, Kashmir, India",https://dynamic-media-cdn.tripadvisor.com/media/photo-o/0b/ec/dc/15/aru-city.jpg
Dah & Hanu,Leh,Hill Station,34.6025,76.5112,"village,culture,heritage","sightsee, culture tour","Summer,Autumn",cultural,https://discoverlehladakh.in/wp-content/uploads/2020/11/Hanu-Yogma-village-of-Dah-Hanu-valley-of-Ladakh-960x530.jpg,,,,,,,,,,
Kishtwar,Kishtwar,Hill Station,33.311199,75.769699,"nature,valley,forest","trekking,sightsee","Summer,Autumn",peaceful,https://www.tourmyindia.com/socialimg/kishtwar-tourism.jpg,13181787,4.9,177,"Spend five days with a private guide exploring the Kashmir Valley on this private tour from Srinagar. Benefit from the personalized attention and customizable itinerary that comes with booking a private tour as you experience highlights such as the Hari Parbat Fort, the Jamia Masjid, the Pahalgam Valley, the Shankaracharya Temple, and Mughal Gardens, among others. All activities and meals per itinerary.","This trip package, food and accommodation everything was super. The staffs were very good. Everything was absolutely nice and we are planning a next group of trip with kashmir travels only.","Everything as booked by Classic Hoildays Kashmir and as requested we were booked in the best 5 star hotels in Srinagar,Gulmarg,Pahalgam and the ITC Houseboat in Srinagar.
The Lalit Palace Hotel,The Khyber Resort in Gulmarg and the Pine and Peak hotel in Pahalgam.
The car was small but the driver was very courteous.
The Makai di Roti and Sarson ka Saag on the roadside dhaba in Dudhpatri was very tempting.",I had one of the best experiences travelling to Kashmir this year Feb'2025. Kashmir travels curated the itinerary and it was an amazing experience to visit Kashmir. Nasir bhai continuously checked on us and helped us throughout the trip! Driver Arif bhai is one of the best guys you can have as he was very accommodating and guided us everywhere we roamed during the trip! :),"The stay in Gulmarg with best staff and beautiful location of hotel even housekeeping is the best service specially thanks to Jahangir pandit ,Majid and Adil  the hotel","Srinagar, Kashmir, India",https://dynamic-media-cdn.tripadvisor.com/media/photo-o/1a/56/84/60/caption.jpg
Patnitop,Udhampur,Hill Station,33.07778,75.326912,"hill station,nature,snow","sightsee, adventure,skiing","Summer,Autumn",peaceful,https://www.tourmyindia.com/socialimg/patnitop-tourism.jpg,,,,,,,,,,
Sonamarg,Ganderbal,Hill Station,34.30146,75.29252,"valley, nature,glacier","trekking,sightsee,sledding","Summer,Winter",peaceful,https://dynamic-media-cdn.tripadvisor.com/media/photo-o/2d/a5/9b/89/thajiwas-glacier.jpg?w=600&h=-1&s=1,9725379,4.7,126,"enthusiasticLocated in the valley of mountains with river Sindh flowing in the middle, is approximately 90 Kms from Srinagar. Sonamarg literally means ""Meadow of Gold"". This Golden meadow is Gateway to roof top of the world (Ladakh). Akbar Sonamarg is also ideal base for all the numerous sightseeing spots that makes Sonamarg so popular and unique. Hikes or horse rides to Thajwas Glacier or higher-up mountain treks and trout fishing can be arranged easily for enthusiastics.","I stayed here for 1 night on 29th of march 2026 . Excellent
Agar 5 ⭐ se jyada hota to mai wo bhi deta. Nice location, nice atmosphere, excellent hospitality, superb delicious food with buffet option . Thanks team AKBAR.","What a wonderful experience! Beautiful location, clean cozy rooms and delicious food. Farooq and his family were so kind and welcoming. I could not have asked for more. Highly recommend!","We had an absolutely amazing stay at Hotel Akbar, Sonamarg, our group of 4 families (9 adults and 4 kids). The property is nestled in a stunningly beautiful location, offering breathtaking views and a serene atmosphere — perfect for a peaceful getaway. A special mention to Mr. Arshid, a soft-spoken and courteous gentleman, make me book our stay in this property. The food was delicious & despite the chilly temperature of -7°C, the hotel ensured a warm and cozy experience. I would happily give 5 star rating  it is a great value for money, with competitive rates and high-quality service and highly recommend Hotel Akbar to anyone visiting Sonamarg.  

Regards, 
Umesh Yadav
Mumbai","I am staying for 3 nights with my friends'
Food is osm & location was nice '
Rooms are neet and cleane .staff was humble especially mr faizan .
I segest all guests who visit sonamarg 'try hotel akbar sonamarg. What you  want you take in this  hotel ;","Srinagar, Kashmir, India",https://dynamic-media-cdn.tripadvisor.com/media/photo-o/11/06/9e/5a/hotel-akbar-sonamarg.jpg
Srinagar,Srinagar,Hill Station,34.083656,74.797371,"city,lake,heritage, culture","boating,sightsee,shopping",All Season,cultural,https://www.tourmyindia.com/socialimg/srinagar-tourism-kashmir.jpg,13181787,4.9,177,"Spend five days with a private guide exploring the Kashmir Valley on this private tour from Srinagar. Benefit from the personalized attention and customizable itinerary that comes with booking a private tour as you experience highlights such as the Hari Parbat Fort, the Jamia Masjid, the Pahalgam Valley, the Shankaracharya Temple, and Mughal Gardens, among others. All activities and meals per itinerary.","This trip package, food and accommodation everything was super. The staffs were very good. Everything was absolutely nice and we are planning a next group of trip with kashmir travels only.","Everything as booked by Classic Hoildays Kashmir and as requested we were booked in the best 5 star hotels in Srinagar,Gulmarg,Pahalgam and the ITC Houseboat in Srinagar.
The Lalit Palace Hotel,The Khyber Resort in Gulmarg and the Pine and Peak hotel in Pahalgam.
The car was small but the driver was very courteous.
The Makai di Roti and Sarson ka Saag on the roadside dhaba in Dudhpatri was very tempting.",I had one of the best experiences travelling to Kashmir this year Feb'2025. Kashmir travels curated the itinerary and it was an amazing experience to visit Kashmir. Nasir bhai continuously checked on us and helped us throughout the trip! Driver Arif bhai is one of the best guys you can have as he was very accommodating and guided us everywhere we roamed during the trip! :),"The stay in Gulmarg with best staff and beautiful location of hotel even housekeeping is the best service specially thanks to Jahangir pandit ,Majid and Adil  the hotel","Srinagar, Kashmir, India",https://dynamic-media-cdn.tripadvisor.com/media/photo-o/1a/56/84/60/caption.jpg
Gulmarg,Baramulla,Hill Station,34.0853,74.3805,"hill station,nature,snow","skiing, gondola,ride,sightsee","Winter,Summer",scenic,https://mnmtravels.in/images/blogs/c4b7d41b422c25a8591d521141c7322f.png,,,,,,,,,,
Shalimar Garden,Srinagar,Garden,34.1497073,74.873228,"garden,flowers,greenery,nature","walking,picnic,photography,relaxation","Spring,Summer",peaceful,https://upload.wikimedia.org/wikipedia/commons/d/d6/Shalimar_Bagh_1.jpg,1228761,4.2,1338,,"Pros:-
1) The flower beds, Chinar trees, water cascades, and sunset views make it very photogenic
2)  here’s enough open space for kids and elderly visitors to enjoy at a slower pace. It’s commonly included in Srinagar sightseeing itineraries

Cons:
1) strong sunlight during midday, so early morning or evening visits are more comfortable.",Best experience ..1 and half hr enjoyed the garden and its views . Addmission fee was not that expensive . It has 7 terraces . enchanting view of mountain as well as dal lake . It is mesmerizing at the sunset time .,Beautiful garden surrounded by mountains the flowers are gorgeous and the views are stunning it’s very relaxing and peaceful place,"Nishat Garden is truly a paradise on earth and one of the most beautiful places to visit in Srinagar. Surrounded by the majestic Zabarwan mountain range on one side and overlooking the serene Dal Lake on the other, the garden offers breathtaking views that leave you mesmerized.

The terraced lawns, flowing fountains, and vibrant flowerbeds are perfectly maintained, making it an ideal spot for relaxation, photography, and family outings. The Mughal architecture adds historical charm, while the peaceful atmosphere makes it a perfect escape from the city’s hustle.

Whether you are a nature lover, history enthusiast, or simply someone looking to enjoy a calm evening by the lake, Nishat Garden is a must-visit. I would highly recommend it to anyone traveling to Kashmir—its beauty and tranquility are unforgettable.

⭐️⭐️⭐️⭐️⭐️","Srinagar, Kashmir, India",https://dynamic-media-cdn.tripadvisor.com/media/photo-o/28/7a/66/d8/when-shah-jahan-saw-the.jpg
Nishat Bagh,Srinagar,Garden,34.1253466,74.8815312,"garden,flowers,greenery,nature","walking,picnic,photography,relaxation","Spring,Summer",peaceful,https://dynamic-media-cdn.tripadvisor.com/media/photo-o/28/7a/66/d8/when-shah-jahan-saw-the.jpg?w=900&h=500&s=1,,,,,,,,,,
Chashma Shahi,Srinagar,Garden,34.085833,74.864722,"garden,flowers,greenery,nature","walking,picnic,photography,relaxation","Spring,Summer",peaceful,https://www.tourmyindia.com/states/jammu-kashmir/image/chashme-shahi-srinagar.jpg,3149376,4,926,,A beautiful garden having a spring of sweet water One can see beautiful flower beds. There are fountain giving a mesmerising view.,"Chashme Shahi is a beautifully maintained Mughal garden built around a medicinal spring with three cascading terraces and fountains—small but charming and peaceful 
ust above it lies Pari Mahal, a tranquil, seven-terraced garden that offers sweeping views of Dal Lake and the city—ideal for photography and sunsets 
 On the route, don’t miss the Botanical Garden too, nestled along the same scenic stretch .bEntry is very affordable at ₹30, and you can easily visit all three with a shared auto that charges ₹300 including waiting time—a convenient and value-for-money option.","We visited during afternoon. There was not much rush. Chashma Shahi, also known as the ""Royal Spring,"" is one of the most beautiful and historically rich Mughal gardens in Srinagar, Kashmir. This charming terraced garden offers a blend of natural beauty, Persian architecture, and cultural heritage. The highlight of Chashma Shahi is its fresh water spring, believed to have medicinal properties. I heard,  Pandit Jaharlal Neheru used to drink this water. The water flows gracefully through the garden's terraced layout, adding a soothing charm to the atmosphere. This garden was well maintained  and refreshing.
You have to came here by toto or auto from Tulip Garden. Entry ticket Rs. 30 for adult and Rs. 15 for child.","The Chashme Shahi Garden commissioned by the Mughal Emperor Shah Jahan is worth a visit. The garden
Is designed artistically but the main attraction is the spring known to have medicinal properties. Enjoyable visit.","Srinagar, Kashmir, India",https://dynamic-media-cdn.tripadvisor.com/media/photo-o/13/39/07/29/psx-20180521-190034-largejpg.jpg
Pari Mahal,Srinagar,Garden,34.0778,74.8761,"garden,flowers,greenery,nature","walking,picnic,photography,relaxation","Spring,Summer",peaceful,"https://assets.cntraveller.in/photos/61eff70d4d495b4b023dc466/3:2/w_1620,h_1080,c_limit/parimahal%20lead.jpg",2085964,4.2,921,,"1) Its unique positioning high up on the Zabarwan hills provides arguably the most peaceful and uninterrupted bird's-eye view of Dal Lake and the Srinagar cityscape below.  
2) he physical structure mirrors its spiritual history. The visible transitions from a Buddhist monastery to an Islamic center of learning give it a multi-layered historic energy that few other sites in the region possess.",While in Srinagar one must see Parimahal . Full of seasonal flowers and trees where cutting is done ornamentaly,Best garden in Srinagar very ancient place like caves absolutely loved it would recommend this attraction to everyone,"Pari Mahal—literally the ‘Palace of Fairies’—is a stunning seven-terraced garden perched high on the Zabarwan Range, offering panoramic views of Srinagar and Dal Lake. Entry is just ₹30 . Whether you visit in the golden glow of sunset or during clear summer skies, the breathtaking vistas and serene gardens make it a must-visit spot in the city. Plus, it’s conveniently close to Chashme Shahi and the Botanical Garden—perfect for a peaceful, scenic outing!","Srinagar, Kashmir, India",https://dynamic-media-cdn.tripadvisor.com/media/photo-o/09/71/b8/ed/pari-mahal.jpg
Harwan Garden,Srinagar,Garden,34.1596124,74.9042444,"garden,flowers,greenery,nature","walking,picnic,photography,relaxation","Spring,Summer",peaceful,https://www.tourmyindia.com/states/jammu-kashmir/image/harwan-garden1.jpg,1228761,,,,,,,,,
Sudh Mahadev,Udhampur,Temple,33.0232,75.3625,"hindu,pilgrimage,spiritual,temple,heritage","worship,sightseeing,prayer",All Season,spiritual,https://www.jktdc.co.in/img/places/shudh.jpg,13181787,,,,,,,,,
Babor Temple,Udhampur,Temple,32.8682,75.1233,"hindu,pilgrimage,spiritual,temple,heritage","worship,sightseeing,prayer",All Season,spiritual,https://i0.wp.com/blog.templesofindia.org/wp-content/uploads/2021/10/WhatsApp-Image-2021-10-02-at-15.15.14.jpeg?fit=960%2C442&ssl=1,,,,,,,,,,
Peer Kho Temple,Jammu,Temple,32.7441,74.8778,"hindu,pilgrimage,spiritual,temple,heritage","worship,sightseeing,prayer",All Season,spiritual,https://dynamic-media-cdn.tripadvisor.com/media/photo-o/11/84/ec/89/great-view.jpg?w=600&h=600&s=1,,,,,,,,,,
Peer Mitha,Jammu,Muslim pilgrimage,32.735,74.869,"muslim,pilgrimage,spiritual,mosque,heritage","worship,sightseeing,prayer",All Season,spiritual,http://www.kashmirhills.com/wp-content/uploads/2015/02/ziarat-peer-mitha.jpg,3250744,3.9,12,,Ziarat Peer Mitha its old place howver must visist place bcz the location and place is just good and its lilttle inside  in jammu city,It is about 650 years old. the Ziarat has Mazhar of PEER MITHA SAHAB. This decorated tomb and  the ziyarat represents one of the rich architectural developments of the State of J&K.,This place is quite near to Jammu Airport. the beauty of this place is the peaceful environment the we experienced here.,"within the old city of temples, this is a very old mosque revered by locals . quite an architectural delight .access now narrow due to rush on main street..","Jammu City, Jammu, India",
Peer Budhan Ali Shah or Peer Baba,Jammu,Muslim pilgrimage,32.6894,74.8292,"muslim,pilgrimage,spiritual,mosque,heritage","worship,sightseeing,prayer",All Season,spiritual,http://www.kashmirhills.com/wp-content/uploads/2015/02/peer-budhan-ali-shah.jpg,,,,,,,,,,
Charar-e-sharif,Budgam,Muslim pilgrimage,33.8625,74.8422,"muslim,pilgrimage,spiritual,mosque,heritage","worship,sightseeing,prayer",All Season,spiritual,https://charzanholidays.com/wp-content/uploads/2024/09/chrar-e-shareef_charzan_holidays.jpg,501150,4,51,This somewhat guady shrine replaces the 600-year-old wooden one that was burnt down by militants.,"The shrine exudes a peaceful and spiritual ambiance, attracting pilgrims and tourists alike. The architecture reflects traditional Kashmiri craftsmanship. Despite past damage, it remains a significant cultural and religious site, symbolizing resilience and faith. The surrounding town offers a glimpse into local life and hospitality. A visit to Charar-e-Sharif provides a deep, enriching experience of Kashmir's spiritual heritage.","My brother and I visited here in 1974. We stayed at a houseboat in Srinigar and the guy who owned it asked where would we like to visit and we said Chari-Sharif. He said no one goes there so he sent his employee to go with us to act as interpreter. The place was amazing...like stepping into a different era and time. Everyone was so friendly and acted as though we were the first outsiders to ever visit the place, The town elder asked us to accompany him to a point where we had this fantastic view of the village. This was before the village and the old shrine were destroyed during the fighting that erupted later. This was one of our highlights on our visit to Kashmir and India. Have no idea as to what it is like almost fifty years later.  Note:  On the box below it is required to say when I visited but it only went back to July 2020....that is not the time I visited; more like March 1974.  And who I was with was my brother, not an option to choose. We were in our late 20's and early 30's.",We wenty for evening outing on the Charar-e-Shharif. This monument was very awesome and was very good for evening outing.,"I was very disappointed with this shrine to Kashmir's greatest Sufi. The old building was destroyed in the conflict in Kashmir. The reconstructed building is beautiful, but there is was a large rubbish dump just outside the complex. Inside, we kept being stopped by people who just wanted to get money out of us. ","Srinagar, Kashmir, India",https://dynamic-media-cdn.tripadvisor.com/media/photo-o/05/bf/0a/2b/charar-e-sharif.jpg
Hazratbal mosque,Srinagar,Muslim pilgrimage,34.1292,74.8422,"muslim,pilgrimage,spiritual,mosque,heritage","worship,sightseeing,prayer",All Season,spiritual,https://upload.wikimedia.org/wikipedia/commons/f/f0/HAZRATBAL_SHRINE_01.JPG,338346,4.2,566,"A Moi-e-Muqqadas, a hair from the prophet's beard, is enshrined here.",Beautiful piece of architecture and beautiful interiors. Worth visiting. Only downside is if you are a female you are not allowed in the main prayer hall. It is also next to the Dal lake giving the walking path to the mosque a beautiful charm.,"Went on a Sunday. There was hardly any crowd. It was peaceful. Found such quiet at a place of worship after a long time. 

The mosque is beautiful. Some people asked us from where we were and on learning that we were tourists and non- Muslims , they also told us about the architecture and art of the mosque and the customs. 

Very beautiful and serene.","I visited Hazratbal after 25 years. Such serene, peaceful and profound spiritual place. Such beautiful architecture, superbly clean and quiet environment for an ideal worship state!! Outside Dal lake view is fantastic, chirping of sparrows so enchanting in evening. Fantastic experience🙏🙏","It is Located on the banks of Dal Lake, Hazratbal Mosque is considered to be the holiest Muslim shrine in Kashmir. Hazratbal is a white-domed mosque at the heart of the main university area of Srinagar.
The shrine has a relic called the Moi-e-Muqqadas, which is believed to be a hair of the Prophet Muhammad. As per a legend, a descendant of the Prophet Muhammad, Syed Abdullah, brought the relic to India. Later, the relic was inherited by Syed Abdullah’s son, Syed Hamid, who sold it to a Kashmiri businessman after he was stripped of his family estate and was unable to care for the relic. Aurangzeb captured the businessman, Khwaja Nur-ud-Din Eshai and seized the relic. Upon realizing his mistake, Aurangzeb gave it back to the businessman. The relic finally reached Kashmir in 1700 and Khwaja Nur-ud-Din Eshai’s daughter established a shrine for the relic.
Presently, the relic is kept in a glass case inside the mosque and is displayed on the holy days like Shab-e-Meraj.
This is a holy place .Structure is very beautiful and made of marble .
The history of the name of this masjid is  that “bal”means the prophet Hazrat Mohammad’s hair is preserved here.
Lots of pigeons and maina birds are found here.","Srinagar, Kashmir, India",https://dynamic-media-cdn.tripadvisor.com/media/photo-o/12/d2/f1/0a/p1110940-largejpg.jpg
Khanqah-e-moulah,Srinagar,Muslim pilgrimage,34.0931,74.8105,"muslim,pilgrimage,spiritual,mosque,heritage","worship,sightseeing,prayer",All Season,spiritual,https://upload.wikimedia.org/wikipedia/commons/9/9a/Mausoleum_of_Shah_e_Hamadan_01.JPG,,,,,,,,,,
Takht-e-Suleiman,Srinagar,Muslim pilgrimage,34.0789,74.8145,"muslim,pilgrimage,spiritual,mosque,heritage","worship,sightseeing,prayer",All Season,spiritual,https://dynamic-media-cdn.tripadvisor.com/media/photo-o/2f/f2/9d/88/takht-e-seleman.jpg?w=1200&h=1200&s=1,,,,,,,,,,
Rizong Monastery,Leh,Buddhist pilgrimage,34.2474,76.7744,"buddhist,pilgrimage,spiritual,monastery,heritage","worship,sightseeing,learning",All Season,peaceful,https://c8.alamy.com/comp/2FYJDYE/rizong-monastery-with-view-of-himalayan-mountians-it-is-a-famous-buddhist-temple-inleh-ladakh-jammu-and-kashmir-india-2FYJDYE.jpg,,,,,,,,,,
Likir Monastery,Leh,Buddhist pilgrimage,34.27667,77.215,"buddhist,pilgrimage,spiritual,monastery,heritage","worship,sightseeing,learning",All Season,peaceful,https://brownchinarkashmir.com/wp-content/uploads/2025/03/Likir-Monastery_brown_chinar_kashmir.webp,2349108,4.4,296,,"Liker Monastery lies among the picturesque landscapes of Ladakh, one of the most prominent and venerated Buddhist monasteries within this region. Located about 50 -55 kilometers west of the capital city of Ladakh, Leh, Liker Monastery, also known as “Liker Gompa,” stands as a tribute to the rich spiritual heritage within this region. With its lovely location, rich history, and tranquil ambiance, Liker Monastery has attracted spiritual searchers, travelers, and adventure enthusiasts alike","Very large(10 metre) golden Budda on the balcony.
Monastery .Small museum.
Tibetan wood and stone.colourful.
Views.
Steps easier than in many of the other sites visited.","Enjoyed visiting this old monastery. Though, one of the most interesting attractions was in the more recent New Dukhang (from memory) being a three dimensional Mandara.","In an absolutely beautiful location is Likir monastery. From the car Park head left up steps. Do not start on the steps near the big Buddha that is the exit. The main temple is colourful, walls painted etc. Up further stairs off the central courtyard the next temple has an amazingly detailed carved model of a Mandala ie temple, again with extensive decorated walls. Off this room up steps is yet another room with a large Buddha behind a glass partition.  Finally follow exit signs to another temple. Wonderful collection of small temple rooms. ","Likir, Ladakh, India",https://dynamic-media-cdn.tripadvisor.com/media/photo-o/06/59/8a/a7/monastero-likir.jpg
Lamayuru Monastery,Leh,Buddhist pilgrimage,34.2828,76.7744,"buddhist,pilgrimage,spiritual,monastery,heritage","worship,sightseeing,learning",All Season,peaceful,https://www.eladakhtourism.com/images/lamayuru-monastery.jpg,,,,,,,,,,
Shey Monastery,Leh,Buddhist pilgrimage,34.0716,77.6115,"buddhist,pilgrimage,spiritual,monastery,heritage","worship,sightseeing,learning",All Season,peaceful,https://www.tourmyindia.com/socialimg/shey-monsatery-leh.jpg,3735383,3.8,252,,Barren mountains with valleys carrying Indus and its tributaries. Vast landscapes in its might and magnificence. Nubra valley and Pangong lake were the highlights,"I had the incredible opportunity to visit Shey Monastery during my trip to Ladakh in July, and it was a truly enriching experience. Nestled amidst the majestic Himalayan mountains, Shey Monastery is a hidden gem that offers a glimpse into the rich spiritual and cultural heritage of Ladakh.

The journey to Shey Monastery itself is an adventure, as you wind through the rugged terrain, passing by serene valleys and shimmering rivers. My visit took an unexpected turn as we ended up approaching the monastery from behind, unaware of the main entrance. This led us to a series of mini stairs that zigzagged their way up the hillside.

Hiking up those narrow, winding stairs was an unexpected thrill. The ascent was exciting and a little bit scary, but it added an extra layer of adventure to our visit. As we climbed higher, the anticipation grew, and the view of the surrounding landscape became increasingly captivating.

Upon reaching the main courtyard, I was immediately struck by the sense of tranquility and serenity that enveloped the place. The main entrance, with its whitewashed walls and traditional Tibetan architecture, was a sight to behold. Prayer flags fluttered in the breeze overhead, enhancing the spiritual atmosphere.

One of the highlights of the visit was the giant copper statue of Lord Buddha. The sense of reverence in the prayer hall is profound, and you can witness the locals and pilgrims offering their prayers with utmost devotion.

Shey Monastery also offers breathtaking panoramic views of the surrounding landscape. I recommend climbing up to the monastery's upper levels for an unobstructed view of the Indus Valley below. The sight of the river meandering through the valley and the distant snow-capped peaks is a sight that will stay with you forever.

While the monastery is a spiritual haven, it is essential to be respectful of the monks and the local customs. Dress modestly and maintain a quiet demeanor as a sign of respect for this sacred place.

Shey Monastery is a must-visit destination for anyone traveling to Ladakh. It offers a unique opportunity to connect with the spiritual essence of the region while being surrounded by awe-inspiring natural beauty. I left Shey Monastery with a sense of inner peace and gratitude, making it one of the most memorable stops on my Ladakh journey.","Commanding views across the valley lay behind the military decision to site the Palace here. Most of the upper fortifications have now disappeared but one can imagine it looked substantial and hard to attack.

The King’s  Chapel had some charm.",Situated at a height which is tough for visitors to climb it is now a monastery in the village of Shey. Not much can be seen except the worshiping room.,"Leh, Ladakh, India",https://dynamic-media-cdn.tripadvisor.com/media/photo-o/10/9f/79/0a/vista-sulla-valle.jpg
Stakana Monastery,Leh,Buddhist pilgrimage,33.996,77.69,"buddhist,pilgrimage,spiritual,monastery,heritage","worship,sightseeing,learning",All Season,peaceful,https://d1bv4heaa2n05k.cloudfront.net/user-images/1488963107707/7shutterstock-263762033_main_1488963136953.jpeg,3733045,4.4,116,,Although there were some yet higher sets of steps and lower and narrower doorways to negotiate everything was worth it because of of the diverse attractiveness of the the various temples,"Just off the main road is a lovely small monastery on top of a hill. Very few visitors so you may have to be lucky to encounter a monk to access the rooms. We saw several young monks and one who could speak rea-sonable English was pushed forward to collect our 50 R entry. This pleasant young lad opened several beautiful room/temples in the monastery. Sometimes it is the journey to these places that is as interesting as the monasteries themselves, stunning snowtopped views. ",The photo alone of this monastery is enough - we didnt visit the monastery but di stop to take the iconic photos. Would be great to be there at night to take some astrophotography when time of year is right.,This monastry is located on a small Hill top near the Leh city. The shape of hill is like nose of tiger and hence the name of place.,"Leh, Ladakh, India",https://dynamic-media-cdn.tripadvisor.com/media/photo-o/06/59/86/f8/stakna-monastery.jpg
Thiksey Monastery,Leh,Buddhist pilgrimage,34.0566,77.667,"buddhist,pilgrimage,spiritual,monastery,heritage","worship,sightseeing,learning",All Season,peaceful,https://www.authenticindiatours.com/app/uploads/2022/04/Thiksey-Monastery-Leh-Ladakh-Jammu-and-Kashmir.jpg,2228346,4.5,1773,,"The Thiksey Monastery or the Thiksey Gompa is a Buddhist Monastery located on top of a Hill in Thiksey approximately 19 kilometers east of Leh, in the Ladakh Region. This Monastery has a High Exuberant Statue of Maitreya Buddha which was built recently in 1980s. The Thiksay Monastery is famous for the Morning Prayers conducted every day, where Tourists can also go and try to resonate with the Spiritual Vibe. A Good Place to visit and Great Views to enjoy as well.","Thiksey Monastery stands on a hill offering breathtaking views of the mountains and the Indus Valley from a distance. It is beautifully painted with minute details, has very old buildings, and holds a very important place in both religious and cultural aspects. Very friendly and polite staff. A good walk up or easier routes lead to it. If you like quiet places full of history, then Thiksey Monastery is a must-visit.","Had a very nice time over here the prayer rooms are totally out of these world you are being transformed. 

If you have time then do sit and meditate it gives you peace from inside.

A must go..",,"Thiksey, Ladakh, India",https://dynamic-media-cdn.tripadvisor.com/media/photo-o/07/00/30/75/thiksey-monastery.jpg
Spituk Monastery,Leh,Buddhist pilgrimage,34.1364,77.4984,"buddhist,pilgrimage,spiritual,monastery,heritage","worship,sightseeing,learning",All Season,peaceful,https://www.tourmyindia.com/socialimg/spituk-monsatery-ladakh.jpg,3735482,4.2,245,,"Spituk Monastery also
SPITUK GONPA
SPETHUB (EXAMPLARY )
POPULARLY KNOWN AS THE SPITUK GONPA IS ONE OF THE PROMINENT GE-LUG-PA MONASTERIES. IT WAS FOUNDED BY KING GRAS-PA-BUM- LDE IN THE LAST 14th CENTURY.A.D. THE SITE FOR THE MONASTERY WAS GRANTED BY THE KING TO THE TWO EMISARIES SENT BY TSONG KHA PA FOR INSTALLATION OF THE STATUE OF TSE-PAG-MED WHICH IS SAID TO HAVE CRIGINATED FROM THE NOSE BLOOD OF TSONG-KHA-PA. THE STATUE WAS INSTALLED WITHIN THE 10 FEET HIGH STATUE OF BUDDHA IN THE ASSEMBLY HALL OF THE MONASTERY. IN THE MAIN TEMPLE, AT THE UPPER END THERE ARE THE SEAT FOR HIS HOLINESS THE DALAI LAMA & BAKULA RINPOCHEY. IT ALSO HOUSE THE STATUES OF SHAKYAMUNI. TSONG-KHA PA & HIS TWO DISCIPILES. YAMANTAKA & AVALOKITESVARA. THERE ARE THE KANGYUR & TANGYUR (THE SCRIPTURES & COMMENTARIES) IN WOODEN SHELVES ON THE LEFT OF THE HALL & PANTINGS OF THE PROTECTOR DEITIES ON THE WALLS. THE CHOW KHANG ON THE UPPER FLOOR HOUSE THE STATUE OF THE CHOW IN THE CENTRAL POSITION BROUGHT FROM TIBET IN 1960. A STATUE OF PADMA SAMBHAVA TO ITS RIGHT & A SILVER PLATED CHANG-CHUB-CHORTEN TO THE LEFT. 
TO THE RIGHT OF CHOW-KHANG IS DOLMA LAKHANG WHICH HOUSES TWENTY ONE COPPER GIFT TARAS. EACH TARA HOLD A LONG STEMMED LOTUS & HAS SEVEN EYES (EYES OF KNOWLEDGE) THESE STATUES WERE ALSO BROUGHT FROM TIBET BY THE PRESENT INCARANATE LAMA. THE STATUES OF DOLMA IS WORSHIPPED IN ALL THE MONASTERIES IRRESPECTIVE OF DIFFERENT SECTS & THE HYMNS OF DOLMA ARE RECITED DAILY BY MONKS & LAYMEN ALIKE. THE CHIKHANG BELOW THE MAIN
MONASTERY HOUSES THE STATUES OF LORD BUDDHA, WITH HIS TWO DISCIPLES & YAMANTAKA. THERE ARE PAINTINGS OF THE PROTECTOR DEITIES ON THE WALLS.
THE INNER TEMPLE CONTAIN SEVERAL PRECIOUS STATUES & CHAM SRING, THE PROTECTOR DEITY OF MONASTERY. SPITUK GUSTOR, THE ANNUAL MONASTIC FESTIVAL TAKES PLACE FROM THE 26th TO 28th OF THE 11th TIBETAN MONTH.
BY COURTESY OF TOURISM DEV. AUTHORITY LEH
(This information taken from theinformation board installed at the Monastery.)
Spituk Gompa is also known as Pethup Gompa.
Spituk means Examplary.","Spituk Monastery located 8 Km hilltop from Leh . One can see directly from here Airport , Leh town , Shanti Stupa , Leh Palace and Namgyal Tsemo Monastery . One can clearly see this place while flying into or from Leh . Kali Mata temple at top of the hill gives a feeling of peaceful atomashphere. Spituk Gustor Festival is a famous festival, a celebration of peace ,prosperity and a symbol of traditional Ladakhi culture and traditions .","This monastery, like many others in the region, rests atop a small hill. Vehicles can conveniently reach the base of the monastery, and there is no entry fee. However, a significant climb up numerous stairs awaits visitors.
The main gompa can be accessed through a room where a monk engages in routine prayers. The face of the deity is covered, adding a sense of reverence to the environment. What sets this monastery apart is its exceptional vantage point offering a stunning view of Leh airport. Visitors can clearly witness the landing and takeoff of airplanes, adding a unique and captivating element to the monastery visit. The combination of spiritual ambiance and the scenic view makes this monastery a distinctive stop in the region.",,"Leh, Ladakh, India",https://dynamic-media-cdn.tripadvisor.com/media/photo-o/0e/1e/0d/d5/spituk-monastery.jpg
Stongdey Monastery,Kargil,Buddhist pilgrimage,34.286,33.5192,"buddhist,pilgrimage,spiritual,monastery,heritage","worship,sightseeing,learning",All Season,peaceful,https://imgs.search.brave.com/R5e2xRghRa1xSAU09VcmqI0_FKt4Qi2aURAkiTtSJg4/rs:fit:860:0:0:0/g:ce/aHR0cHM6Ly9zN2Fw/MS5zY2VuZTcuY29t/L2lzL2ltYWdlL2lu/Y3JlZGlibGVpbmRp/YS9zdG9uZ2RleS1t/b25hc3RlcnktMS1h/dHRyLWhlcm8_cWx0/PTgyJnRzPTE3MjY2/Njc4NTg5MDE,,,,,,,,,,
Gurudwara Shri Guru Nanak Dev Ji,Poonch district,Sikh pilgrimage,34.1526,33.77,"sikh,pilgrimage,spiritual,gurudwara,heritage","worship,sightseeing,prayer",All Season,spiritual,http://www.kashmirhills.com/wp-content/uploads/2015/02/jammu-Gurdwara-Guru-Nanak-Dev.jpg,,,,,,,,,,
Nangli Sahib Gurudwara,Poonch district,Sikh pilgrimage,33.77,33.7864,"sikh,pilgrimage,spiritual,gurudwara,heritage","worship,sightseeing,prayer",All Season,spiritual,https://imgs.search.brave.com/mTNXCZQ6zjjiOyYXnX3Ycgv31vN0kqwoXY_3uYilTTY/rs:fit:860:0:0:0/g:ce/aHR0cHM6Ly92ZWxw/dS5jb20vYWRtaW4v/dXBsb2Fkcy90ZW1w/bGVfaW1hZ2VzL2Jp/Zy9iaWdfMTIyOTE1/ODUyOTUxNDMuanBn,,,,,,,,,,
Chhatti Padshahi Gurudwara,Srinagar,Sikh pilgrimage,34.0837,34.1039,"sikh,pilgrimage,spiritual,gurudwara,heritage","worship,sightseeing,prayer",All Season,spiritual,https://www.trawell.in/admin/images/upload/509714714Chatti_Padshahi_Gurudwara_Main.jpg,,4.5,,,,,,,,